run_index,scenario,decision_id,intent_hash,policy_version,verdict,verdict_name,reason_code,reason_name,ledger_seq
1,1,37ba5f064522e0978dbc033c52e3b3e69a864d62126ccab85d81db75fb76603f,b5a124f23f18c3d97c1d34c4ee5a7cd2cf30c491f44cab981b338a38a74983bd,1,0,Approved,0,Ok,4496439
2,1,c177db1ad47ac3c8ddaa72edd86b3c1709b754dbce71a32d96fba756f00accb5,befb88631339c7910d1031cc300c5cb783860308d3b3640827ba7fab1d7517c1,1,0,Approved,0,Ok,4496441
3,1,510dfd9c5002fb50016193df16209b70e04f5fd99c47c9cb25f33c55f44dd327,55f68fa37bc8ee5d969d3686c0b755fdfb765719a9c63b36699fd559a0a2c70b,1,0,Approved,0,Ok,4496443
4,1,b5b819ebd909662fa4fcc2f460af7084bfc9d09a64f6bbec6dd3b01d387fe959,bdc632d4bff53db257d591b6ddb8a58f10a3ec25a20769be409c982efa52116b,1,0,Approved,0,Ok,4496445
5,1,40a865d180b7a5e567412358615b5c520e06133e3521dfc7990ba2a196c88ba7,557f826307a9e07169b88098e46594cd88d785ca49732b94ee35f541a3b5b2f4,1,0,Approved,0,Ok,4496447
6,1,55ae5ac7c7eacfe7bc636171385b91c61cbb8018d43064b8d16aa415d6987d97,87eb98f884bdafced9066722b044a12afc658d036e4f0c6b9e037a4c33b51d95,1,0,Approved,0,Ok,4496449
7,1,6d68b160c4430bd35d43f4cbbf697dc6a977fb9ccb205c8ba7265d3915c87c89,35425875bc0ddb493ffd0b27f8f45129d2ed115b6547e8a011ecc226311de6cd,1,0,Approved,0,Ok,4496451
8,1,63e95f08b307f679b6cc74879e87b22acdd2ceb35e084fab8955719cf656dad6,2aaefd2799717de3948ec05c912d12f2b045b5df9a9a61370263544bf12aa9db,1,0,Approved,0,Ok,4496453
9,1,8fae4f435efbbc05b17bdf83323ca3a83b09d2a84ef8d38feb2306c62871ef8d,30e3e7dbd7c520028723c29e8ca06419f2d81d0c9d125d7fd232fbf190a44b1b,1,0,Approved,0,Ok,4496455
10,1,f4f74405eb37881a3b2b13bd242a2e1b1eef5979ecced6b32a7cf8578dd686ab,44aea3a844b3623a1eea74498b2ab9bbdf00bd3f3ef5c5f2350abe9fa30d72a3,1,0,Approved,0,Ok,4496457
11,2,408cf2f0935d36818b070ca17800ffa36df44656dd95a028b5ab18a10bf8543b,149d02c47dc0da138f04761063f2a1e7ac54e5190570f7a4efcb98c22cc76909,1,1,Rejected,1,CapExceeded,4496459
12,2,f8e0e1e6375422740792d34698ce8df422eebddacdab50b07bb5ec868b285072,6da7ce93564f583750f97bc792534a80784ae692f3efeed0f5e3c47ceab8a69b,1,1,Rejected,1,CapExceeded,4496461
13,2,d15fa65d82835ed7f7447d0dde4856955a5fa6656dd7b7f3c4a78cf5b042ed85,34517cdf9d3a97a0ab8150efd2813a575a9830c2e35448363184e8c67245fd44,1,1,Rejected,1,CapExceeded,4496463
14,2,bcce910b3f52343270b2a9b9f4919ccbd268fe051a840817e405ce4811c12734,d095f9aeee0936f5b6ad0d4429165246cc7af21236d48b45cc4d1097fdd51424,1,1,Rejected,1,CapExceeded,4496465
15,2,066a6a9cb511451515f5bda82c288d093202c4e1ac3e19d949389b52b4373b72,48cf837775cd06c20eae7522db062ba50c8ef41e0d333ca2c59adfb3c7b6cb5e,1,1,Rejected,1,CapExceeded,4496467
16,2,57e923505f64a787ade75323d8a1fc46134236a790109a66df1fde5844d1f3bc,b37ea208b45cd174e4c8941b84a27323a0c70e9f4d47b25edc19a5603dde8923,1,1,Rejected,1,CapExceeded,4496469
17,2,e69f9826e6f29afcf94845c3b89810988c993099857ba2533638105f559cd8d6,bc8779a17c8d89b441d8af3ef4435eaddce708ac1a14b6032d05f8a96dcbb1a2,1,1,Rejected,1,CapExceeded,4496471
18,2,ec88a1d62befff901061daee56a530a2aaf8e1c4f8a554269826699b155887e2,14e8bd74bacb2813a65edecca8785997c70d79d4732a737a60e03e206dffecd7,1,1,Rejected,1,CapExceeded,4496473
19,2,7d2306e489746ab43178a840019c4baab725f2e4b8efb646c7586c72a4ac9ff6,c0fcc096a6484a96277fea3600a3fe998aad0bca81ea80206ffe04e93a67ece1,1,1,Rejected,1,CapExceeded,4496475
20,2,a5aaa7fc511435b76b420a6ebf0fb63485026d4064415fb8c9b2142a369eddb1,c1c4b4d44e3446c6da1361e5538a66cbe7b5a16c66edd32abd2a64bd9e24462b,1,1,Rejected,1,CapExceeded,4496477
21,3,d832df75af0dbdb6680a4c9c0cb58c01f7bbb31f57042856174fb955cbb61350,2fca457436af335564490dd2fb3b4ad341928dd146ed1571b5cb15482f20a192,1,1,Rejected,2,ServiceNotAllowed,4496479
22,3,ab9005b7c3a16c4a10ed68e6203afe457d1b77482d1586b9ceabb014ed525060,248c0a9596bd39c69237210579c82e5dabaeb802c4c9b49a582b6e63ceb3e072,1,1,Rejected,2,ServiceNotAllowed,4496481
23,3,6f1ad0a952ded24d3039b18cd9df176a594e09518514156701574fae77a46a15,8320bb3e5861e19e39ed57868ad60cf86845821b694cce6333b3210e72715fe3,1,1,Rejected,2,ServiceNotAllowed,4496483
24,3,ac627fa8d21f8b66c8013aeaee1242c76375f5c0abef2e914d54b7174ca63da4,5043a2348cbffd7d4f392e85465a8b7ee2cd5549bb393a2f029b5642bfd1f2fc,1,1,Rejected,2,ServiceNotAllowed,4496485
25,3,f4f3f233c42fbe0193e986d606d513f00d4409ffaab8e00f68a4c9a0b0c4b0d5,218d73d5caa76f949ffa68b046d984c6379e0d95685d5dcbbd862d5964e2954f,1,1,Rejected,2,ServiceNotAllowed,4496487
26,3,5fe15f5568aafd553ada319d61815b1de32dc253b879f5001dd0d6e6bb6a46af,366145a05cf2c27fba612eb0dff116acfdc2784282254beb4a27d01cc25622d4,1,1,Rejected,2,ServiceNotAllowed,4496489
27,3,c70e6f5513cba43c63d2209aeed4d0abda2ebac59ac7e1268ec4b546e4bf811d,7fa46f4a51747f624acb930a3ab14a80fe71638db991aed7bc061566ca7df457,1,1,Rejected,2,ServiceNotAllowed,4496491
28,3,9c128f273e4aee00ed9115c0d88fad96d365b4deed8cf3291e42bb20f2642871,c8a6be71bbd8aaded89976274654c26d003c9255b41d6e9e51a5202e9544974d,1,1,Rejected,2,ServiceNotAllowed,4496493
29,3,fb1ddecc6553e7279463d1196df7baf3689c85eb9eb2f9c0e8bb8799cebdc8ed,7a3179759f7b1084b8844dc5df1f02963ae36932e92c2c3aab85ec4837bbdfd8,1,1,Rejected,2,ServiceNotAllowed,4496495
30,3,b8bcd6b6383fa4d1fda66ecd7cfc62d08f857c3ea7a52ad45949deca9e698408,e82a0db009381d182a8b60d6f798b59d42fb87fef50c09845868720be9c317c0,1,1,Rejected,2,ServiceNotAllowed,4496497
31,4,c3ed7752f0764f5b0523f81118f1204c7509272c19bd7bfdd400d0e478bfb2d4,b0a66e65ddbfbced217b2f87314e33f4cf6fe743dbe5ef62e0acfbb2bbfe605f,1,1,Rejected,3,AssetMismatch,4496499
32,4,ef6bd07564a156995ba7d3b75e6ec0eb79f7e032ca7705c493459606eaa7f4b5,a4dfa6fcc316dab360a2131c059d2024a5be7249caae10e50e2fdc20784f56d1,1,1,Rejected,3,AssetMismatch,4496501
33,4,1e90628c4348642da20b8f58384d5a814751835115d9ea98cd8c260e1f4791b8,630e91a0298281eda54cd35e3c49bb268ef46a19f43d7536face9f6a2a00f50e,1,1,Rejected,3,AssetMismatch,4496503
34,4,ff6f915a9b599946932f1f59a36dede68a36ffa22b64758d704e95b06bb2a993,9631a2ff136a9666ee0ec59c6baed8b9e13c307d62cf34b6216a05a59fb31ca3,1,1,Rejected,3,AssetMismatch,4496505
35,4,09618457eac4f9d4666fac23ef3230049cdbc61fe40abe42a27d6509798421d4,124bf4788809a83e13440735ecf4ad5f4344b83948395310f5f6c5a79491c72c,1,1,Rejected,3,AssetMismatch,4496507
36,4,331dc90eadaceb7fd65e3969303ee83749d8f199597982f2af0612dcccd9ead8,f8527fd4314bacffaa0cbabb25949a96a642fd06fee304f1b52e1ecabfc15139,1,1,Rejected,3,AssetMismatch,4496509
37,4,4dcf053efe16b45c3558b6b503e52000cfdb462b6dc039dba334967ddf72080f,d5df843ebeb92f4fdcc31ae49753a52f314c97bdb7706a2d801fd6898a69ced2,1,1,Rejected,3,AssetMismatch,4496511
38,4,4e6c02a63bc775d1e2ff567253336e0bda99d52cc04db443e6415d912ce2e6a1,e302b594d48f4784ee5b5643e730bed23f931037bb2a973ab3b7d10703f6c875,1,1,Rejected,3,AssetMismatch,4496513
39,4,aabb98be43cc73ad4821336490604d364d1118b85ef533d60295f6c8c59c8e5e,6843e81d3e83cb16248821417ece7cd219a78bb7e0c3ceca528b39fa4310bad7,1,1,Rejected,3,AssetMismatch,4496515
40,4,ce4efb19a102ddd6df2c6f9991e7b4f1107a895c3747e003bfd91503743840f3,dff504fe618e2b5e3a5a79330c39357ff03b9f06a1a6300c687e62af26899386,1,1,Rejected,3,AssetMismatch,4496517
41,5,1d651d4112893b0a700af2ef3d8c652d15476114da536d92516180cfa959a0a6,9ceb56e2964b7837d1c96ce5c12bfb8f60623f86605f0a91ccd322e50e66afde,1,2,RequiresApproval,6,PendingApproval,4496519
42,5,5994dc08b3beef582b0e1f64a2db5095352d64b604b96bb60bbff69b8e6b39db,b80fed86bc4d2af8269c2c9a1def0f59d11163c84ad0f93afebe291b48f7963c,1,2,RequiresApproval,6,PendingApproval,4496521
43,5,2a3be4669e8891c1f8b3509d87aba8d92d701f192c46afeda449c711a843eb8f,6f04480e07c74f91037c8e320a3133a372405cb04843c87eb4f9e06208eb7b60,1,2,RequiresApproval,6,PendingApproval,4496523
44,5,f97d0c24ee73a0ed62882f37873b67b2a483fb17953fac2c42f4b3786c95788f,da21527f8a453f2dba17a64857235b493076d70cc7c68568810518fc64427fee,1,2,RequiresApproval,6,PendingApproval,4496525
45,5,cc85a311394a0d36b12c14e8471a58c592e54b55e1511bb0f48140486e72597d,78db84d92fbfd8671862e29ca952af6d2384a2a0be68bb70e9e3646ceb4b83b6,1,2,RequiresApproval,6,PendingApproval,4496527
46,5,bca4ee8ef5db1c16a9470a4a9456e278691beca7a7780037a21004f47a07c9d0,31c4bee706529317297cbbd54e41fd380279c0d91a5bcd61a11fa0545dedcf69,1,2,RequiresApproval,6,PendingApproval,4496529
47,5,e6626156dec097b97d8308fd7990e67f0b3859b02fb5b476f25d609a6c9088ba,ccb1bffb6b52655da1a00cd93069d1dde6e61731431e85b308ea47e0f1ad9779,1,2,RequiresApproval,6,PendingApproval,4496531
48,5,bfd69205d2145ff601b3f4dc2dbc8475e6d2b89df57f222ef5f2907a2cd4f754,b8fe140ce6ca7f9e40057b3a4029622ad78865ad9b18707d7a918c5bd7d7070e,1,2,RequiresApproval,6,PendingApproval,4496533
49,5,9959dd830f764c3852a54e69d86af6a36cea6974d82decc1918ae13c17e72118,3aa50187d129ae7243173d7d209a95de90147c1f35f0e261887bf97507f7c937,1,2,RequiresApproval,6,PendingApproval,4496535
50,5,f4c5185e93d1a53d5c0df6e3b0ec47ac8be0f7fcc7f58a75b47ac5281d4f8afb,69fd9db9436a48fb6f121932a56e46ee3e9e718740c80eae8dd3bbd8eee4b4e7,1,2,RequiresApproval,6,PendingApproval,4496537
51,6,d55798d442c61a01b714a5e033904935c1ab6fac789c2718d51e63501f04ed91,a1d7080e0ea30c22d761e83e3a2c73caf7032f194823cb45ae68aa855cf75ee8,1,1,Rejected,4,AgentRevoked,4496539
52,6,0a88a05e106373edb2e1daaa861dc466dc048cc3368cad038ec3bbc7ad7dacf1,66657c5ce2407d136b17406a60aad9f6de59ce4c77f5bfcdeec250b463c8cb67,1,1,Rejected,4,AgentRevoked,4496541
53,6,6576903a68ea109cc1559cdfe0500974164d1724c7e0349dc6cecf1408740ba7,bf9be96f6182f176054b2784adc8c111d6748bfa08098b95a4a53bcaa681d224,1,1,Rejected,4,AgentRevoked,4496543
54,6,3f2a21e39d8b10fe67280936183f2506e603ec52a9951c4798eb5b43bd00da6e,d9e081098a5c0134630b291ce9157f58474d47ac2d7765a6578430f7af391293,1,1,Rejected,4,AgentRevoked,4496545
55,6,e59dfab14b43b5991f38e354a451a53704533effa888676934d59649517fda50,4cf22031c795abf88accb2f97f0b43ae0cb0742c0e199b35d816278e1213e76d,1,1,Rejected,4,AgentRevoked,4496547
56,6,9edf6429a9d24edbfa93eca905c3bb28183e9c432899c4bfc180f4569f6b9077,2dcf077da487b355a9deeef71ce52455c4aebebd1e7a4c95ed5dc2fc621a518b,1,1,Rejected,4,AgentRevoked,4496549
57,6,6fb3d3636177311b7e8f751b9f5ef0b914b5574cac07b5ed78a2c306372bf3de,bd71572d9362d3d0a13a4e1a47eab0d5789662ea7b223fdb952ea4eacb91591f,1,1,Rejected,4,AgentRevoked,4496551
58,6,2950696a1a3ab5005a1e378d45ed1e64e4f773152208450d78724fa6547a72f8,48e1bdb735645e4834e4991323322960f40f354d5260e8b45ac6c2d45023da66,1,1,Rejected,4,AgentRevoked,4496553
59,6,f70462f846b1b3d963e69ee2cafac979d9c4645bafe660089d941de9b765760a,472171dc320b27cc7ca757685f85dc0e6ab1d43ff2cb8cd61f37d1f98bf3fd2d,1,1,Rejected,4,AgentRevoked,4496555
60,6,46cd727e7655cb1516768b96a6f4ab6bb662c84f8d446847cea853c85951251f,9ef3309f3b99398fa7806a8e650fef419e2a5d58fad0cfdf0d2f174330c99473,1,1,Rejected,4,AgentRevoked,4496557
61,7,37ba5f064522e0978dbc033c52e3b3e69a864d62126ccab85d81db75fb76603f,b5a124f23f18c3d97c1d34c4ee5a7cd2cf30c491f44cab981b338a38a74983bd,1,0,Approved,0,Ok,4496439
62,7,40a865d180b7a5e567412358615b5c520e06133e3521dfc7990ba2a196c88ba7,557f826307a9e07169b88098e46594cd88d785ca49732b94ee35f541a3b5b2f4,1,0,Approved,0,Ok,4496447
63,7,f4f74405eb37881a3b2b13bd242a2e1b1eef5979ecced6b32a7cf8578dd686ab,44aea3a844b3623a1eea74498b2ab9bbdf00bd3f3ef5c5f2350abe9fa30d72a3,1,0,Approved,0,Ok,4496457
64,7,408cf2f0935d36818b070ca17800ffa36df44656dd95a028b5ab18a10bf8543b,149d02c47dc0da138f04761063f2a1e7ac54e5190570f7a4efcb98c22cc76909,1,1,Rejected,1,CapExceeded,4496459
65,7,a5aaa7fc511435b76b420a6ebf0fb63485026d4064415fb8c9b2142a369eddb1,c1c4b4d44e3446c6da1361e5538a66cbe7b5a16c66edd32abd2a64bd9e24462b,1,1,Rejected,1,CapExceeded,4496477
66,7,9c128f273e4aee00ed9115c0d88fad96d365b4deed8cf3291e42bb20f2642871,c8a6be71bbd8aaded89976274654c26d003c9255b41d6e9e51a5202e9544974d,1,1,Rejected,2,ServiceNotAllowed,4496493
67,7,aabb98be43cc73ad4821336490604d364d1118b85ef533d60295f6c8c59c8e5e,6843e81d3e83cb16248821417ece7cd219a78bb7e0c3ceca528b39fa4310bad7,1,1,Rejected,3,AssetMismatch,4496515
68,7,1d651d4112893b0a700af2ef3d8c652d15476114da536d92516180cfa959a0a6,9ceb56e2964b7837d1c96ce5c12bfb8f60623f86605f0a91ccd322e50e66afde,1,2,RequiresApproval,6,PendingApproval,4496519
69,7,f4c5185e93d1a53d5c0df6e3b0ec47ac8be0f7fcc7f58a75b47ac5281d4f8afb,69fd9db9436a48fb6f121932a56e46ee3e9e718740c80eae8dd3bbd8eee4b4e7,1,2,RequiresApproval,6,PendingApproval,4496537
70,7,2950696a1a3ab5005a1e378d45ed1e64e4f773152208450d78724fa6547a72f8,48e1bdb735645e4834e4991323322960f40f354d5260e8b45ac6c2d45023da66,1,1,Rejected,4,AgentRevoked,4496553
